variable_name,discovery,replication
99999,WTMEC4YR,WTMEC2YR
ACETAMINOPHEN__CODEINE,WTMEC4YR,WTMEC2YR
ACETAMINOPHEN__CODEINE_PHOSPHATE,WTMEC4YR,WTMEC2YR
ACETAMINOPHEN__HYDROCODONE,WTMEC4YR,WTMEC2YR
ACETAMINOPHEN__HYDROCODONE_BITARTRATE,WTMEC4YR,WTMEC2YR
ACETAMINOPHEN__OXYCODONE,WTMEC4YR,WTMEC2YR
ACETAMINOPHEN__OXYCODONE_HYDROCHLORIDE,WTMEC4YR,WTMEC2YR
ACETAMINOPHEN__PROPOXYPHENE,WTMEC4YR,WTMEC2YR
ACETAMINOPHEN__PROPOXYPHENE_NAPSYLATE,WTMEC4YR,WTMEC2YR
age_0_18,WTMEC4YR,WTMEC2YR
age_18_44,WTMEC4YR,WTMEC2YR
age_44_65,WTMEC4YR,WTMEC2YR
age_65_plus,WTMEC4YR,WTMEC2YR
age_started_birth_control,WTMEC4YR,WTMEC2YR
age_stopped_birth_control,WTMEC4YR,WTMEC2YR
ALANINE_mg,WTMEC4YR,WTMEC2YR
ALBUTEROL,WTMEC4YR,WTMEC2YR
ALBUTEROL__IPRATROPIUM,WTMEC4YR,WTMEC2YR
ALCOHOL_PERCENT,WTMEC4YR,WTMEC2YR
ALENDRONATE,WTMEC4YR,WTMEC2YR
ALENDRONATE_SODIUM,WTMEC4YR,WTMEC2YR
ALLOPURINOL,WTMEC4YR,WTMEC2YR
ALPHA_TOCOPHEROL_IU,WTMEC4YR,WTMEC2YR
ALPHA_TOCOPHEROL_mg,WTMEC4YR,WTMEC2YR
ALPHA_TOCOPHEROL_NA,WTMEC4YR,WTMEC2YR
ALPRAZOLAM,WTMEC4YR,WTMEC2YR
AMITRIPTYLINE,WTMEC4YR,WTMEC2YR
AMITRIPTYLINE_HYDROCHLORIDE,WTMEC4YR,WTMEC2YR
AMLODIPINE,WTMEC4YR,WTMEC2YR
AMLODIPINE__BENAZEPRIL,WTMEC4YR,WTMEC2YR
AMLODIPINE_BESYLATE,WTMEC4YR,WTMEC2YR
AMOXICILLIN,WTMEC4YR,WTMEC2YR
AMOXICILLIN__CLAVULANATE,WTMEC4YR,WTMEC2YR
AMOXICILLIN_TRIHYDRATE__CLAVULANATE_POTASSIUM,WTMEC4YR,WTMEC2YR
AMPHETAMINE__DEXTROAMPHETAMINE,WTMEC4YR,WTMEC2YR
AMPHETAMINE_ASPARTATE,WTMEC4YR,WTMEC2YR
ANTIBIOTIC_UNSPECIFIED,WTMEC4YR,WTMEC2YR
any_cad,WTMEC4YR,WTMEC2YR
any_cancer_self_report,WTMEC4YR,WTMEC2YR
any_chronic_disease,WTMEC4YR,WTMEC2YR
any_diabetes,WTMEC4YR,WTMEC2YR
any_family_cad,WTMEC4YR,WTMEC2YR
any_ht,WTMEC4YR,WTMEC2YR
anyone_to_help_social,WTMEC4YR,WTMEC2YR
area,WTMEC4YR,WTMEC2YR
ARGININE_gm,WTMEC4YR,WTMEC2YR
ARGININE_mg,WTMEC4YR,WTMEC2YR
ASPIRIN,WTMEC4YR,WTMEC2YR
ATENOLOL,WTMEC4YR,WTMEC2YR
ATORVASTATIN,WTMEC4YR,WTMEC2YR
ATORVASTATIN_CALCIUM,WTMEC4YR,WTMEC2YR
AZITHROMYCIN,WTMEC4YR,WTMEC2YR
AZITHROMYCIN_DIHYDRATE,WTMEC4YR,WTMEC2YR
BECLOMETHASONE_DIPROPIONATE,WTMEC4YR,WTMEC2YR
BENAZEPRIL,WTMEC4YR,WTMEC2YR
BENAZEPRIL_HYDROCHLORIDE,WTMEC4YR,WTMEC2YR
BETA_CAROTENE__,WTMEC4YR,WTMEC2YR
BETA_CAROTENE_IU,WTMEC4YR,WTMEC2YR
BETA_CAROTENE_mcg,WTMEC4YR,WTMEC2YR
BETA_CAROTENE_mg,WTMEC4YR,WTMEC2YR
BETA_CAROTENE_Unknown,WTMEC4YR,WTMEC2YR
black,WTMEC4YR,WTMEC2YR
bladder_cancer_self_report,WTMEC4YR,WTMEC2YR
blood_cancer_self_report,WTMEC4YR,WTMEC2YR
BMXBMI,WTMEC4YR,WTMEC2YR
BMXCALF,WTMEC4YR,WTMEC2YR
BMXHEAD,WTMEC4YR,WTMEC2YR
BMXHT,WTMEC4YR,WTMEC2YR
BMXLEG,WTMEC4YR,WTMEC2YR
BMXRECUM,WTMEC4YR,WTMEC2YR
BMXSUB,WTMEC4YR,WTMEC2YR
BMXTHICR,WTMEC4YR,WTMEC2YR
BMXTRI,WTMEC4YR,WTMEC2YR
BMXWAIST,WTMEC4YR,WTMEC2YR
BMXWT,WTMEC4YR,WTMEC2YR
bone_cancer_self_report,WTMEC4YR,WTMEC2YR
BPXCHR,WTMEC4YR,WTMEC2YR
BPXPLS,WTMEC4YR,WTMEC2YR
brain_cancer_self_report,WTMEC4YR,WTMEC2YR
breast_cancer_self_report,WTMEC4YR,WTMEC2YR
BUDESONIDE,WTMEC4YR,WTMEC2YR
BUPROPION,WTMEC4YR,WTMEC2YR
BUPROPION_HYDROCHLORIDE,WTMEC4YR,WTMEC2YR
cad,WTMEC4YR,WTMEC2YR
CAFFEINE_mg,WTMEC4YR,WTMEC2YR
CALCIUM_mg,WTMEC4YR,WTMEC2YR
CALCIUM_PPM,WTMEC4YR,WTMEC2YR
CALCIUM_Trace,WTMEC4YR,WTMEC2YR
CALCIUM_Unknown,WTMEC4YR,WTMEC2YR
CAPTOPRIL,WTMEC4YR,WTMEC2YR
CARVEDILOL,WTMEC4YR,WTMEC2YR
CAUSEAVL,WTMEC4YR,WTMEC2YR
CELECOXIB,WTMEC4YR,WTMEC2YR
CEPHALEXIN,WTMEC4YR,WTMEC2YR
cervix_cacner_self_report,WTMEC4YR,WTMEC2YR
CETIRIZINE,WTMEC4YR,WTMEC2YR
CETIRIZINE_HYDROCHLORIDE,WTMEC4YR,WTMEC2YR
CFDFINSH,WTMEC4YR,WTMEC2YR
CFDRIGHT,WTMEC4YR,WTMEC2YR
CHOLESTEROL_mg,WTMEC4YR,WTMEC2YR
chronic_disease_count,WTMEC4YR,WTMEC2YR
cigarette_smoking,WTMEC4YR,WTMEC2YR
CIMETIDINE_HYDROCHLORIDE,WTMEC4YR,WTMEC2YR
CITALOPRAM,WTMEC4YR,WTMEC2YR
CITALOPRAM_HYDROBROMIDE,WTMEC4YR,WTMEC2YR
CLARITHROMYCIN,WTMEC4YR,WTMEC2YR
CLONAZEPAM,WTMEC4YR,WTMEC2YR
CLONIDINE,WTMEC4YR,WTMEC2YR
CLOPIDOGREL,WTMEC4YR,WTMEC2YR
CLOPIDOGREL_BISULFATE,WTMEC4YR,WTMEC2YR
colon_cancer_self_report,WTMEC4YR,WTMEC2YR
CONJUGATED_ESTROGENS,WTMEC4YR,WTMEC2YR
COPPER_mg,WTMEC4YR,WTMEC2YR
COPPER_Trace,WTMEC4YR,WTMEC2YR
COPPER_Unknown,WTMEC4YR,WTMEC2YR
CROMOLYN_SODIUM,WTMEC4YR,WTMEC2YR
current_asthma,WTMEC4YR,WTMEC2YR
current_loud_noise,WTSAU4YR,WTSAU2YR
current_past_smoking,WTMEC4YR,WTMEC2YR
CVDESVO2,WTMEC4YR,WTMEC2YR
CVDR1DI,WTMEC4YR,WTMEC2YR
CVDR1HR,WTMEC4YR,WTMEC2YR
CVDR1SY,WTMEC4YR,WTMEC2YR
CVDR2DI,WTMEC4YR,WTMEC2YR
CVDR2HR,WTMEC4YR,WTMEC2YR
CVDR2SY,WTMEC4YR,WTMEC2YR
CVDS1DI,WTMEC4YR,WTMEC2YR
CVDS1HR,WTMEC4YR,WTMEC2YR
CVDS1SY,WTMEC4YR,WTMEC2YR
CVDS2DI,WTMEC4YR,WTMEC2YR
CVDS2HR,WTMEC4YR,WTMEC2YR
CVDS2SY,WTMEC4YR,WTMEC2YR
CVDVOMAX,WTMEC4YR,WTMEC2YR
CYCLOBENZAPRINE,WTMEC4YR,WTMEC2YR
CYCLOBENZAPRINE_HYDROCHLORIDE,WTMEC4YR,WTMEC2YR
CYSTINE_mg,WTMEC4YR,WTMEC2YR
DBD100,WTDR4YR,WTDRD1
DBQ095,WTDR4YR,WTDRD1
DED038Q,WTMEC4YR,WTMEC2YR
DESLORATADINE,WTMEC4YR,WTMEC2YR
DIABETES,WTMEC4YR,WTMEC2YR
DIAZEPAM,WTMEC4YR,WTMEC2YR
DIETARY_FIBER_mg,WTMEC4YR,WTMEC2YR
DIGOXIN,WTMEC4YR,WTMEC2YR
DILTIAZEM,WTMEC4YR,WTMEC2YR
DILTIAZEM_HYDROCHLORIDE,WTMEC4YR,WTMEC2YR
DIVALPROEX_SODIUM,WTMEC4YR,WTMEC2YR
DMDBORN,WTMEC4YR,WTMEC2YR
DMDMARTL,WTMEC4YR,WTMEC2YR
DOXAZOSIN,WTMEC4YR,WTMEC2YR
DOXAZOSIN_MESYLATE,WTMEC4YR,WTMEC2YR
DR1TACAR,WTDR4YR,WTDRD1
DR1TALCO,WTDR4YR,WTDRD1
DR1TATOA,WTMEC4YR,WTMEC2YR
DR1TATOC,WTDR4YR,WTDRD1
DR1TB12A,WTMEC4YR,WTMEC2YR
DR1TBCAR,WTDR4YR,WTDRD1
DR1TCAFF,WTDR4YR,WTDRD1
DR1TCALC,WTDR4YR,WTDRD1
DR1TCARB,WTDR4YR,WTDRD1
DR1TCARO,WTDR4YR,WTDRD1
DR1TCHL,WTMEC4YR,WTMEC2YR
DR1TCHOL,WTDR4YR,WTDRD1
DR1TCOPP,WTDR4YR,WTDRD1
DR1TCRYP,WTDR4YR,WTDRD1
DR1TFA,WTDR4YR,WTDRD1
DR1TFDFE,WTDR4YR,WTDRD1
DR1TFF,WTDR4YR,WTDRD1
DR1TFIBE,WTDR4YR,WTDRD1
DR1TIRON,WTDR4YR,WTDRD1
DR1TKCAL,WTDR4YR,WTDRD1
DR1TLYCO,WTDR4YR,WTDRD1
DR1TLZ,WTDR4YR,WTDRD1
DR1TM161,WTDR4YR,WTDRD1
DR1TM181,WTDR4YR,WTDRD1
DR1TM201,WTDR4YR,WTDRD1
DR1TM221,WTDR4YR,WTDRD1
DR1TMAGN,WTDR4YR,WTDRD1
DR1TMFAT,WTDR4YR,WTDRD1
DR1TNIAC,WTDR4YR,WTDRD1
DR1TP182,WTDR4YR,WTDRD1
DR1TP183,WTDR4YR,WTDRD1
DR1TP184,WTDR4YR,WTDRD1
DR1TP204,WTDR4YR,WTDRD1
DR1TP205,WTDR4YR,WTDRD1
DR1TP225,WTDR4YR,WTDRD1
DR1TP226,WTDR4YR,WTDRD1
DR1TPFAT,WTDR4YR,WTDRD1
DR1TPHOS,WTDR4YR,WTDRD1
DR1TPOTA,WTDR4YR,WTDRD1
DR1TPROT,WTDR4YR,WTDRD1
DR1TRET,WTDR4YR,WTDRD1
DR1TS040,WTDR4YR,WTDRD1
DR1TS060,WTDR4YR,WTDRD1
DR1TS080,WTDR4YR,WTDRD1
DR1TS100,WTDR4YR,WTDRD1
DR1TS120,WTDR4YR,WTDRD1
DR1TS140,WTDR4YR,WTDRD1
DR1TS160,WTDR4YR,WTDRD1
DR1TS180,WTDR4YR,WTDRD1
DR1TSELE,WTDR4YR,WTDRD1
DR1TSFAT,WTDR4YR,WTDRD1
DR1TSUGR,WTDR4YR,WTDRD1
DR1TTFAT,WTDR4YR,WTDRD1
DR1TTHEO,WTDR4YR,WTDRD1
DR1TVAIU,WTDR4YR,WTDRD1
DR1TVARA,WTDR4YR,WTDRD1
DR1TVARE,WTDR4YR,WTDRD1
DR1TVB1,WTDR4YR,WTDRD1
DR1TVB12,WTDR4YR,WTDRD1
DR1TVB2,WTDR4YR,WTDRD1
DR1TVB6,WTDR4YR,WTDRD1
DR1TVC,WTDR4YR,WTDRD1
DR1TVE,WTDR4YR,WTDRD1
DR1TVK,WTDR4YR,WTDRD1
DR1TWATE,WTDR4YR,WTDRD1
DR1TZINC,WTDR4YR,WTDRD1
DRD320GW,WTDR4YR,WTDRD1
DRD330GW,WTDR4YR,WTDRD1
DRD340,WTDR4YR,WTDRD1
DRD350A,WTDR4YR,WTDRD1
DRD350AQ,WTDR4YR,WTDRD1
DRD350B,WTDR4YR,WTDRD1
DRD350BQ,WTDR4YR,WTDRD1
DRD350C,WTDR4YR,WTDRD1
DRD350CQ,WTDR4YR,WTDRD1
DRD350D,WTDR4YR,WTDRD1
DRD350DQ,WTDR4YR,WTDRD1
DRD350E,WTDR4YR,WTDRD1
DRD350EQ,WTDR4YR,WTDRD1
DRD350F,WTDR4YR,WTDRD1
DRD350FQ,WTDR4YR,WTDRD1
DRD350G,WTDR4YR,WTDRD1
DRD350GQ,WTDR4YR,WTDRD1
DRD350H,WTDR4YR,WTDRD1
DRD350HQ,WTDR4YR,WTDRD1
DRD350I,WTDR4YR,WTDRD1
DRD350IQ,WTDR4YR,WTDRD1
DRD350J,WTDR4YR,WTDRD1
DRD350JQ,WTDR4YR,WTDRD1
DRD350K,WTDR4YR,WTDRD1
DRD360,WTDR4YR,WTDRD1
DRD370A,WTDR4YR,WTDRD1
DRD370AQ,WTDR4YR,WTDRD1
DRD370B,WTDR4YR,WTDRD1
DRD370BQ,WTDR4YR,WTDRD1
DRD370C,WTDR4YR,WTDRD1
DRD370CQ,WTDR4YR,WTDRD1
DRD370D,WTDR4YR,WTDRD1
DRD370DQ,WTDR4YR,WTDRD1
DRD370E,WTDR4YR,WTDRD1
DRD370EQ,WTDR4YR,WTDRD1
DRD370F,WTDR4YR,WTDRD1
DRD370FQ,WTDR4YR,WTDRD1
DRD370G,WTDR4YR,WTDRD1
DRD370GQ,WTDR4YR,WTDRD1
DRD370H,WTDR4YR,WTDRD1
DRD370HQ,WTDR4YR,WTDRD1
DRD370I,WTDR4YR,WTDRD1
DRD370IQ,WTDR4YR,WTDRD1
DRD370J,WTDR4YR,WTDRD1
DRD370JQ,WTDR4YR,WTDRD1
DRD370K,WTDR4YR,WTDRD1
DRD370KQ,WTDR4YR,WTDRD1
DRD370L,WTDR4YR,WTDRD1
DRD370LQ,WTDR4YR,WTDRD1
DRD370M,WTDR4YR,WTDRD1
DRD370MQ,WTDR4YR,WTDRD1
DRD370N,WTDR4YR,WTDRD1
DRD370NQ,WTDR4YR,WTDRD1
DRD370O,WTDR4YR,WTDRD1
DRD370OQ,WTDR4YR,WTDRD1
DRD370P,WTDR4YR,WTDRD1
DRD370PQ,WTDR4YR,WTDRD1
DRD370Q,WTDR4YR,WTDRD1
DRD370QQ,WTDR4YR,WTDRD1
DRD370R,WTDR4YR,WTDRD1
DRD370RQ,WTDR4YR,WTDRD1
DRD370S,WTDR4YR,WTDRD1
DRD370SQ,WTDR4YR,WTDRD1
DRD370T,WTDR4YR,WTDRD1
DRD370TQ,WTDR4YR,WTDRD1
DRD370U,WTDR4YR,WTDRD1
DRD370UQ,WTDR4YR,WTDRD1
DRD370V,WTDR4YR,WTDRD1
DRDCWATR,WTDR4YR,WTDRD1
DRDDRSTZ,WTDR4YR,WTDRD1
DRDTSODI,WTDR4YR,WTDRD1
drink_five_per_day,WTMEC4YR,WTMEC2YR
DSDCOUNT,WTMEC4YR,WTMEC2YR
DUQ100,WTMEC4YR,WTMEC2YR
DUQ110,WTMEC4YR,WTMEC2YR
DUQ120,WTMEC4YR,WTMEC2YR
DUQ130,WTMEC4YR,WTMEC2YR
DUQ200,WTMEC4YR,WTMEC2YR
DUQ210,WTMEC4YR,WTMEC2YR
DUQ230,WTMEC4YR,WTMEC2YR
DUQ240,WTMEC4YR,WTMEC2YR
DUQ250,WTMEC4YR,WTMEC2YR
DUQ260,WTMEC4YR,WTMEC2YR
DUQ272,WTMEC4YR,WTMEC2YR
DUQ280,WTMEC4YR,WTMEC2YR
DUQ290,WTMEC4YR,WTMEC2YR
DUQ300,WTMEC4YR,WTMEC2YR
DUQ320,WTMEC4YR,WTMEC2YR
DUQ330,WTMEC4YR,WTMEC2YR
DUQ340,WTMEC4YR,WTMEC2YR
DUQ352,WTMEC4YR,WTMEC2YR
DUQ360,WTMEC4YR,WTMEC2YR
DUQ370,WTMEC4YR,WTMEC2YR
DXDTOBMD,WTMEC4YR,WTMEC2YR
DXDTOFAT,WTMEC4YR,WTMEC2YR
DXDTOLE,WTMEC4YR,WTMEC2YR
DXDTRLE,WTMEC4YR,WTMEC2YR
DXXHEBMD,WTMEC4YR,WTMEC2YR
DXXLSBMD,WTMEC4YR,WTMEC2YR
DXXPEBMD,WTMEC4YR,WTMEC2YR
DXXTRFAT,WTMEC4YR,WTMEC2YR
education,WTMEC4YR,WTMEC2YR
ELIGSTAT,WTMEC4YR,WTMEC2YR
ENALAPRIL,WTMEC4YR,WTMEC2YR
ENALAPRIL_MALEATE,WTMEC4YR,WTMEC2YR
ESCITALOPRAM,WTMEC4YR,WTMEC2YR
ESOMEPRAZOLE,WTMEC4YR,WTMEC2YR
esophagus_cancer_self_report,WTMEC4YR,WTMEC2YR
ESTRADIOL,WTMEC4YR,WTMEC2YR
ESTROGENS__CONJUGATED,WTMEC4YR,WTMEC2YR
ESTROGENS__CONJUGATED__MEDROXYPROGESTERONE_ACETATE,WTMEC4YR,WTMEC2YR
ETHINYL_ESTRADIOL__LEVONORGESTREL,WTMEC4YR,WTMEC2YR
ETHINYL_ESTRADIOL__NORETHINDRONE,WTMEC4YR,WTMEC2YR
ETHINYL_ESTRADIOL__NORGESTIMATE,WTMEC4YR,WTMEC2YR
ever_arthritis,WTMEC4YR,WTMEC2YR
ever_asthma,WTMEC4YR,WTMEC2YR
ever_loud_noise_gt3,WTMEC4YR,WTMEC2YR
ever_loud_noise_gt3_2,WTMEC4YR,WTMEC2YR
ever_osteo_arthritis,WTMEC4YR,WTMEC2YR
ever_rheumatoid_arthritis,WTMEC4YR,WTMEC2YR
EZETIMIBE,WTMEC4YR,WTMEC2YR
EZETIMIBE__SIMVASTATIN,WTMEC4YR,WTMEC2YR
FELODIPINE,WTMEC4YR,WTMEC2YR
female,WTMEC4YR,WTMEC2YR
FENOFIBRATE,WTMEC4YR,WTMEC2YR
FEXOFENADINE,WTMEC4YR,WTMEC2YR
FEXOFENADINE_HYDROCHLORIDE,WTMEC4YR,WTMEC2YR
first_degree_support,WTMEC4YR,WTMEC2YR
FLUOXETINE,WTMEC4YR,WTMEC2YR
FLUOXETINE_HYDROCHLORIDE,WTMEC4YR,WTMEC2YR
FLUTICASONE,WTMEC4YR,WTMEC2YR
FLUTICASONE__SALMETEROL,WTMEC4YR,WTMEC2YR
FLUTICASONE_NASAL,WTMEC4YR,WTMEC2YR
FLUTICASONE_PROPIONATE,WTMEC4YR,WTMEC2YR
FLUVASTATIN_SODIUM,WTMEC4YR,WTMEC2YR
FOLIC_ACID_mcg,WTMEC4YR,WTMEC2YR
FOLIC_ACID_Unknown,WTMEC4YR,WTMEC2YR
FOSINOPRIL,WTMEC4YR,WTMEC2YR
FOSINOPRIL_SODIUM,WTMEC4YR,WTMEC2YR
FUROSEMIDE,WTMEC4YR,WTMEC2YR
GABAPENTIN,WTMEC4YR,WTMEC2YR
gallbladder_cancer_self_report,WTMEC4YR,WTMEC2YR
GEMFIBROZIL,WTMEC4YR,WTMEC2YR
GLIMEPIRIDE,WTMEC4YR,WTMEC2YR
GLIPIZIDE,WTMEC4YR,WTMEC2YR
GLYBURIDE,WTMEC4YR,WTMEC2YR
GLYBURIDE__METFORMIN,WTMEC4YR,WTMEC2YR
GLYCINE_gm,WTMEC4YR,WTMEC2YR
GLYCINE_mg,WTMEC4YR,WTMEC2YR
hepa,WTMEC4YR,WTMEC2YR
hepb,WTMEC4YR,WTMEC2YR
HIPFRACT,WTMEC4YR,WTMEC2YR
HISTIDINE_mg,WTMEC4YR,WTMEC2YR
home_painted_12mos,WTMEC4YR,WTMEC2YR
house_age,WTMEC4YR,WTMEC2YR
house_type,WTMEC4YR,WTMEC2YR
how_long_estrogen,WTMEC4YR,WTMEC2YR
how_long_estrogen_patch,WTMEC4YR,WTMEC2YR
how_long_estrogen_progestin,WTMEC4YR,WTMEC2YR
how_long_estrogen_progestin_patch,WTMEC4YR,WTMEC2YR
how_long_progestin,WTMEC4YR,WTMEC2YR
how_many_years_in_house,WTMEC4YR,WTMEC2YR
HRDHG,WTMEC4YR,WTMEC2YR
HRXHG,WTMEC4YR,WTMEC2YR
HYDROCHLOROTHIAZIDE,WTMEC4YR,WTMEC2YR
HYDROCHLOROTHIAZIDE__LISINOPRIL,WTMEC4YR,WTMEC2YR
HYDROCHLOROTHIAZIDE__LOSARTAN,WTMEC4YR,WTMEC2YR
HYDROCHLOROTHIAZIDE__LOSARTAN_POTASSIUM,WTMEC4YR,WTMEC2YR
HYDROCHLOROTHIAZIDE__TRIAMTERENE,WTMEC4YR,WTMEC2YR
HYDROCHLOROTHIAZIDE__VALSARTAN,WTMEC4YR,WTMEC2YR
HYDROCODONE_UNSPECIFIED,WTMEC4YR,WTMEC2YR
HYDROXYZINE,WTMEC4YR,WTMEC2YR
HYDROXYZINE_HYDROCHLORIDE,WTMEC4YR,WTMEC2YR
HYPERTEN,WTMEC4YR,WTMEC2YR
IBUPROFEN,WTMEC4YR,WTMEC2YR
income,WTMEC4YR,WTMEC2YR
INDFMPIR,WTMEC4YR,WTMEC2YR
industry_agriculture,WTMEC4YR,WTMEC2YR
industry_construction,WTMEC4YR,WTMEC2YR
industry_manufacturing,WTMEC4YR,WTMEC2YR
industry_mining,WTMEC4YR,WTMEC2YR
industry_other,WTMEC4YR,WTMEC2YR
industry_transport,WTMEC4YR,WTMEC2YR
INSULIN,WTMEC4YR,WTMEC2YR
INSULIN_GLARGINE,WTMEC4YR,WTMEC2YR
INSULIN_ISOPHANE,WTMEC4YR,WTMEC2YR
IPRATROPIUM_BROMIDE,WTMEC4YR,WTMEC2YR
IRBESARTAN,WTMEC4YR,WTMEC2YR
IRON_mg,WTMEC4YR,WTMEC2YR
IRON_Trace,WTMEC4YR,WTMEC2YR
IRON_Unknown,WTMEC4YR,WTMEC2YR
ISOLEUCINE_mg,WTMEC4YR,WTMEC2YR
ISOSORBIDE_MONONITRATE,WTMEC4YR,WTMEC2YR
ISOSORBIDE_UNSPECIFIED,WTMEC4YR,WTMEC2YR
kidney_cancer_self_report,WTMEC4YR,WTMEC2YR
L_ASPARTIC_ACID_gm,WTMEC4YR,WTMEC2YR
L_ASPARTIC_ACID_mg,WTMEC4YR,WTMEC2YR
L_GLUTAMINE_gm,WTMEC4YR,WTMEC2YR
L_GLUTAMINE_mg,WTMEC4YR,WTMEC2YR
LANSOPRAZOLE,WTMEC4YR,WTMEC2YR
larynx_cancer_self_report,WTMEC4YR,WTMEC2YR
last_time_used_cocaine,WTMEC4YR,WTMEC2YR
last_time_used_heroin,WTMEC4YR,WTMEC2YR
last_time_used_marijuana,WTMEC4YR,WTMEC2YR
last_time_used_meth,WTMEC4YR,WTMEC2YR
LATANOPROST,WTMEC4YR,WTMEC2YR
LATANOPROST_OPHTHALMIC,WTMEC4YR,WTMEC2YR
LBD199,WTSPO4YR,WTSC2YR
LBDATCSI,WTMEC4YR,WTMEC2YR
LBDBANO,WTMEC4YR,WTMEC2YR
LBDC1,WTMEC4YR,WTMEC2YR
LBDC2,WTMEC4YR,WTMEC2YR
LBDDWS,WTMEC4YR,WTMEC2YR
LBDEONO,WTMEC4YR,WTMEC2YR
LBDHBG,WTMEC4YR,WTMEC2YR
LBDHCV,WTMEC4YR,WTMEC2YR
LBDHD,WTMEC4YR,WTMEC2YR
LBDHDD,WTMEC4YR,WTMEC2YR
LBDHDL,WTMEC4YR,WTMEC2YR
LBDHI,WTMEC4YR,WTMEC2YR
LBDLDL,WTSAF4YR,WTSAF2YR
LBDLYMNO,WTMEC4YR,WTMEC2YR
LBDMONO,WTMEC4YR,WTMEC2YR
LBDNENO,WTMEC4YR,WTMEC2YR
LBDP3,WTMEC4YR,WTMEC2YR
LBDPCT,WTMEC4YR,WTMEC2YR
LBDRUIU,WTMEC4YR,WTMEC2YR
LBDSY3,WTMEC4YR,WTMEC2YR
LBDSY4,WTMEC4YR,WTMEC2YR
LBDTLY,WTMEC4YR,WTMEC2YR
LBX028,WTSPO4YR,WTSC2YR
LBX052,WTSPO4YR,WTSC2YR
LBX066,WTSPO4YR,WTSC2YR
LBX074,WTSPO4YR,WTSC2YR
LBX087,WTSPO4YR,WTSC2YR
LBX099,WTSPO4YR,WTSC2YR
LBX101,WTSPO4YR,WTSC2YR
LBX105,WTSPO4YR,WTSC2YR
LBX110,WTSPO4YR,WTSC2YR
LBX118,WTSPO4YR,WTSC2YR
LBX128,WTSPO4YR,WTSC2YR
LBX138,WTSPO4YR,WTSC2YR
LBX146,WTSPO4YR,WTSC2YR
LBX149,WTSPO4YR,WTSC2YR
LBX151,WTSPO4YR,WTSC2YR
LBX153,WTSPO4YR,WTSC2YR
LBX156,WTSPO4YR,WTSC2YR
LBX157,WTSPO4YR,WTSC2YR
LBX167,WTSPO4YR,WTSC2YR
LBX170,WTSPO4YR,WTSC2YR
LBX172,WTSPO4YR,WTSC2YR
LBX177,WTSPO4YR,WTSC2YR
LBX178,WTSPO4YR,WTSC2YR
LBX180,WTSPO4YR,WTSC2YR
LBX183,WTSPO4YR,WTSC2YR
LBX187,WTSPO4YR,WTSC2YR
LBX189,WTSPO4YR,WTSC2YR
LBX194,WTSPO4YR,WTSC2YR
LBX195,WTSPO4YR,WTSC2YR
LBX196,WTSPO4YR,WTSC2YR
LBX206,WTSPO4YR,WTSC2YR
LBX2DF,WTMEC4YR,WTMEC2YR
LBXACR,WTMEC4YR,WTMEC2YR
LBXACY,WTMEC4YR,WTMEC2YR
LBXALC,WTMEC4YR,WTMEC2YR
LBXALD,WTSPO4YR,WTSB2YR
LBXB12,WTMEC4YR,WTMEC2YR
LBXBAP,WTMEC4YR,WTMEC2YR
LBXBAPCT,WTMEC4YR,WTMEC2YR
LBXBCC,WTMEC4YR,WTMEC2YR
LBXBCD,WTMEC4YR,WTMEC2YR
LBXBEC,WTMEC4YR,WTMEC2YR
LBXBHC,WTSPO4YR,WTSB2YR
LBXBPB,WTMEC4YR,WTMEC2YR
LBXBR66L,WTMEC4YR,WTMEC2YR
LBXBV,WTMEC4YR,WTMEC2YR
LBXCBC,WTMEC4YR,WTMEC2YR
LBXCD1,WTMEC4YR,WTMEC2YR
LBXCD4,WTMEC4YR,WTMEC2YR
LBXCD8,WTMEC4YR,WTMEC2YR
LBXCH1,WTMEC4YR,WTMEC2YR
LBXCLC,WTMEC4YR,WTMEC2YR
LBXCLZ,WTMEC4YR,WTMEC2YR
LBXCOT,WTMEC4YR,WTMEC2YR
LBXCPSI,WTSAF4YR,WTSAF2YR
LBXCRP,WTMEC4YR,WTMEC2YR
LBXCRY,WTMEC4YR,WTMEC2YR
LBXD01,WTSPO4YR,WTSC2YR
LBXD02,WTSPO4YR,WTSC2YR
LBXD03,WTSPO4YR,WTSC2YR
LBXD04,WTSPO4YR,WTSC2YR
LBXD05,WTSPO4YR,WTSC2YR
LBXD07,WTSPO4YR,WTSC2YR
LBXDFS,WTMEC4YR,WTMEC2YR
LBXDFSF,WTMEC4YR,WTMEC2YR
LBXDIE,WTSPO4YR,WTSB2YR
LBXDTC,WTMEC4YR,WTMEC2YR
LBXDY1,WTMEC4YR,WTMEC2YR
LBXE72,WTMEC4YR,WTMEC2YR
LBXE74,WTMEC4YR,WTMEC2YR
LBXEND,WTSPO4YR,WTSB2YR
LBXEOPCT,WTMEC4YR,WTMEC2YR
LBXEPP,WTMEC4YR,WTMEC2YR
LBXETA,WTMEC4YR,WTMEC2YR
LBXETB,WTMEC4YR,WTMEC2YR
LBXETC,WTMEC4YR,WTMEC2YR
LBXETD,WTMEC4YR,WTMEC2YR
LBXETH,WTMEC4YR,WTMEC2YR
LBXF01,WTSPO4YR,WTSC2YR
LBXF02,WTSPO4YR,WTSC2YR
LBXF03,WTSPO4YR,WTSC2YR
LBXF04,WTSPO4YR,WTSC2YR
LBXF05,WTSPO4YR,WTSC2YR
LBXF06,WTSPO4YR,WTSC2YR
LBXF07,WTSPO4YR,WTSC2YR
LBXF08,WTSPO4YR,WTSC2YR
LBXF09,WTSPO4YR,WTSC2YR
LBXF10,WTSPO4YR,WTSC2YR
LBXF13,WTMEC4YR,WTMEC2YR
LBXF24,WTMEC4YR,WTMEC2YR
LBXFB,WTMEC4YR,WTMEC2YR
LBXFER,WTMEC4YR,WTMEC2YR
LBXFOL,WTMEC4YR,WTMEC2YR
LBXFSH,WTMEC4YR,WTMEC2YR
LBXGH,WTMEC4YR,WTMEC2YR
LBXGHC,WTSPO4YR,WTSB2YR
LBXGLU,WTSAF4YR,WTSAF2YR
LBXGLUSI,WTSAF4YR,WTSAF2YR
LBXGLY,WTMEC4YR,WTMEC2YR
LBXGTC,WTMEC4YR,WTMEC2YR
LBXHA,WTMEC4YR,WTMEC2YR
LBXHBC,WTSPO4YR,WTSB2YR
LBXHBS,WTMEC4YR,WTMEC2YR
LBXHCB,WTMEC4YR,WTMEC2YR
LBXHCT,WTMEC4YR,WTMEC2YR
LBXHCY,WTMEC4YR,WTMEC2YR
LBXHE1,WTMEC4YR,WTMEC2YR
LBXHE2,WTMEC4YR,WTMEC2YR
LBXHGB,WTMEC4YR,WTMEC2YR
LBXHP1,WTMEC4YR,WTMEC2YR
LBXHPE,WTSPO4YR,WTSB2YR
LBXHXC,WTSPO4YR,WTSB2YR
LBXID1,WTMEC4YR,WTMEC2YR
LBXID2,WTMEC4YR,WTMEC2YR
LBXIE1,WTMEC4YR,WTMEC2YR
LBXIE5,WTMEC4YR,WTMEC2YR
LBXIF1,WTMEC4YR,WTMEC2YR
LBXIF2,WTMEC4YR,WTMEC2YR
LBXIG2,WTMEC4YR,WTMEC2YR
LBXIG5,WTMEC4YR,WTMEC2YR
LBXIGE,WTMEC4YR,WTMEC2YR
LBXIHG,WTMEC4YR,WTMEC2YR
LBXII6,WTMEC4YR,WTMEC2YR
LBXIM3,WTMEC4YR,WTMEC2YR
LBXIM6,WTMEC4YR,WTMEC2YR
LBXIN,WTSAF4YR,WTSAF2YR
LBXINSI,WTSAF4YR,WTSAF2YR
LBXIRN,WTMEC4YR,WTMEC2YR
LBXIT3,WTMEC4YR,WTMEC2YR
LBXIT7,WTMEC4YR,WTMEC2YR
LBXIW1,WTMEC4YR,WTMEC2YR
LBXLCC,WTMEC4YR,WTMEC2YR
LBXLH,WTMEC4YR,WTMEC2YR
LBXLUT,WTMEC4YR,WTMEC2YR
LBXLUZ,WTMEC4YR,WTMEC2YR
LBXLYC,WTMEC4YR,WTMEC2YR
LBXLYPCT,WTMEC4YR,WTMEC2YR
LBXM1,WTMEC4YR,WTMEC2YR
LBXMC,WTMEC4YR,WTMEC2YR
LBXMC1,WTMEC4YR,WTMEC2YR
LBXMCHSI,WTMEC4YR,WTMEC2YR
LBXMCVSI,WTMEC4YR,WTMEC2YR
LBXMD1,WTMEC4YR,WTMEC2YR
LBXME,WTMEC4YR,WTMEC2YR
LBXME1,WTMEC4YR,WTMEC2YR
LBXMF1,WTMEC4YR,WTMEC2YR
LBXMG1,WTMEC4YR,WTMEC2YR
LBXMI1,WTMEC4YR,WTMEC2YR
LBXMIR,WTSPO4YR,WTSB2YR
LBXML1,WTMEC4YR,WTMEC2YR
LBXMMA,WTMEC4YR,WTMEC2YR
LBXMO1,WTMEC4YR,WTMEC2YR
LBXMOPCT,WTMEC4YR,WTMEC2YR
LBXMP1,WTMEC4YR,WTMEC2YR
LBXMPSI,WTMEC4YR,WTMEC2YR
LBXMR1,WTMEC4YR,WTMEC2YR
LBXMS1,WTMEC4YR,WTMEC2YR
LBXMT1,WTMEC4YR,WTMEC2YR
LBXMY1,WTMEC4YR,WTMEC2YR
LBXMZ1,WTMEC4YR,WTMEC2YR
LBXNEPCT,WTMEC4YR,WTMEC2YR
LBXODT,WTSPO4YR,WTSB2YR
LBXOXY,WTSPO4YR,WTSB2YR
LBXP1,WTMEC4YR,WTMEC2YR
LBXP2,WTMEC4YR,WTMEC2YR
LBXPCB,WTSPO4YR,WTSB2YR
LBXPDE,WTSPO4YR,WTSB2YR
LBXPDT,WTSPO4YR,WTSB2YR
LBXPHE,WTMEC4YR,WTMEC2YR
LBXPHF,WTMEC4YR,WTMEC2YR
LBXPLTSI,WTMEC4YR,WTMEC2YR
LBXPT21,WTMEC4YR,WTMEC2YR
LBXPVL,WTMEC4YR,WTMEC2YR
LBXRBCSI,WTMEC4YR,WTMEC2YR
LBXRBF,WTMEC4YR,WTMEC2YR
LBXRDW,WTMEC4YR,WTMEC2YR
LBXRPL,WTMEC4YR,WTMEC2YR
LBXRST,WTMEC4YR,WTMEC2YR
LBXS06MK,WTMEC4YR,WTMEC2YR
LBXS11MK,WTMEC4YR,WTMEC2YR
LBXS16MK,WTMEC4YR,WTMEC2YR
LBXS18MK,WTMEC4YR,WTMEC2YR
LBXSAL,WTMEC4YR,WTMEC2YR
LBXSAPSI,WTMEC4YR,WTMEC2YR
LBXSASSI,WTMEC4YR,WTMEC2YR
LBXSATSI,WTMEC4YR,WTMEC2YR
LBXSBU,WTMEC4YR,WTMEC2YR
LBXSC3SI,WTMEC4YR,WTMEC2YR
LBXSCA,WTMEC4YR,WTMEC2YR
LBXSCH,WTMEC4YR,WTMEC2YR
LBXSCLSI,WTMEC4YR,WTMEC2YR
LBXSCR,WTMEC4YR,WTMEC2YR
LBXSCRINV,WTMEC4YR,WTMEC2YR
LBXSEL,WTMEC4YR,WTMEC2YR
LBXSGB,WTMEC4YR,WTMEC2YR
LBXSGL,WTMEC4YR,WTMEC2YR
LBXSGTSI,WTMEC4YR,WTMEC2YR
LBXSIR,WTMEC4YR,WTMEC2YR
LBXSKSI,WTMEC4YR,WTMEC2YR
LBXSLDSI,WTMEC4YR,WTMEC2YR
LBXSNASI,WTMEC4YR,WTMEC2YR
LBXSOSSI,WTMEC4YR,WTMEC2YR
LBXSPH,WTMEC4YR,WTMEC2YR
LBXSTB,WTMEC4YR,WTMEC2YR
LBXSTP,WTMEC4YR,WTMEC2YR
LBXSTR,WTMEC4YR,WTMEC2YR
LBXSUA,WTMEC4YR,WTMEC2YR
LBXSY1,WTMEC4YR,WTMEC2YR
LBXT4,WTMEC4YR,WTMEC2YR
LBXTC,WTMEC4YR,WTMEC2YR
LBXTC2,WTMEC4YR,WTMEC2YR
LBXTCD,WTMEC4YR,WTMEC2YR
LBXTFR,WTMEC4YR,WTMEC2YR
LBXTHG,WTMEC4YR,WTMEC2YR
LBXTIB,WTMEC4YR,WTMEC2YR
LBXTNA,WTSPO4YR,WTSB2YR
LBXTO1,WTMEC4YR,WTMEC2YR
LBXTO2,WTMEC4YR,WTMEC2YR
LBXTO3,WTMEC4YR,WTMEC2YR
LBXTO5,WTMEC4YR,WTMEC2YR
LBXTR,WTSAF4YR,WTSAF2YR
LBXTSH,WTSTH4YR,WTSTH2YR
LBXTSS,WTMEC4YR,WTMEC2YR
LBXTV,WTMEC4YR,WTMEC2YR
LBXV1A,WTMEC4YR,WTMEC2YR
LBXV1D,WTMEC4YR,WTMEC2YR
LBXV1E,WTMEC4YR,WTMEC2YR
LBXV2A,WTMEC4YR,WTMEC2YR
LBXV2C,WTMEC4YR,WTMEC2YR
LBXV2E,WTMEC4YR,WTMEC2YR
LBXV2P,WTMEC4YR,WTMEC2YR
LBXV2T,WTMEC4YR,WTMEC2YR
LBXV3A,WTSVOC4Y,WTSVOC2Y
LBXV3B,WTMEC4YR,WTMEC2YR
LBXV4C,WTMEC4YR,WTMEC2YR
LBXV4E,WTMEC4YR,WTMEC2YR
LBXV4T,WTMEC4YR,WTMEC2YR
LBXVAR,WTMEC4YR,WTMEC2YR
LBXVB6,WTMEC4YR,WTMEC2YR
LBXVBF,WTMEC4YR,WTMEC2YR
LBXVBM,WTMEC4YR,WTMEC2YR
LBXVBZ,WTMEC4YR,WTMEC2YR
LBXVCB,WTMEC4YR,WTMEC2YR
LBXVCF,WTMEC4YR,WTMEC2YR
LBXVCM,WTMEC4YR,WTMEC2YR
LBXVCT,WTMEC4YR,WTMEC2YR
LBXVDB,WTMEC4YR,WTMEC2YR
LBXVDM,WTMEC4YR,WTMEC2YR
LBXVDP,WTMEC4YR,WTMEC2YR
LBXVEB,WTMEC4YR,WTMEC2YR
LBXVHE,WTMEC4YR,WTMEC2YR
LBXVIA,WTMEC4YR,WTMEC2YR
LBXVIC,WTMEC4YR,WTMEC2YR
LBXVID,WTMEC4YR,WTMEC2YR
LBXVIE,WTMEC4YR,WTMEC2YR
LBXVMC,WTMEC4YR,WTMEC2YR
LBXVME,WTMEC4YR,WTMEC2YR
LBXVNB,WTMEC4YR,WTMEC2YR
LBXVOX,WTMEC4YR,WTMEC2YR
LBXVST,WTMEC4YR,WTMEC2YR
LBXVTC,WTMEC4YR,WTMEC2YR
LBXVTE,WTMEC4YR,WTMEC2YR
LBXVTO,WTMEC4YR,WTMEC2YR
LBXVXY,WTMEC4YR,WTMEC2YR
LBXW11,WTMEC4YR,WTMEC2YR
LBXWBCSI,WTMEC4YR,WTMEC2YR
LBXWBF,WTMEC4YR,WTMEC2YR
LBXWBM,WTMEC4YR,WTMEC2YR
LBXWCF,WTMEC4YR,WTMEC2YR
LBXWCM,WTMEC4YR,WTMEC2YR
LBXWME,WTMEC4YR,WTMEC2YR
LBXZBZ,WTMEC4YR,WTMEC2YR
LBXZCF,WTMEC4YR,WTMEC2YR
LBXZDB,WTMEC4YR,WTMEC2YR
LBXZEA,WTMEC4YR,WTMEC2YR
LBXZEB,WTMEC4YR,WTMEC2YR
LBXZMB,WTMEC4YR,WTMEC2YR
LBXZOX,WTMEC4YR,WTMEC2YR
LBXZTE,WTMEC4YR,WTMEC2YR
LBXZTI,WTMEC4YR,WTMEC2YR
LBXZTO,WTMEC4YR,WTMEC2YR
LBXZXY,WTMEC4YR,WTMEC2YR
LEUCINE_mg,WTMEC4YR,WTMEC2YR
leukemia_self_report,WTMEC4YR,WTMEC2YR
LEVOTHYROXINE,WTMEC4YR,WTMEC2YR
LEVOTHYROXINE_SODIUM,WTMEC4YR,WTMEC2YR
LISINOPRIL,WTMEC4YR,WTMEC2YR
lite_salt,WTDR4YR,WTDRD1
liver_cancer_self_report,WTMEC4YR,WTMEC2YR
LORATADINE,WTMEC4YR,WTMEC2YR
LORATADINE__PSEUDOEPHEDRINE_SULFATE,WTMEC4YR,WTMEC2YR
LORAZEPAM,WTMEC4YR,WTMEC2YR
LOSARTAN,WTMEC4YR,WTMEC2YR
LOSARTAN_POTASSIUM,WTMEC4YR,WTMEC2YR
LOVASTATIN,WTMEC4YR,WTMEC2YR
lung_cancer_self_report,WTMEC4YR,WTMEC2YR
lymphoma_self_report,WTMEC4YR,WTMEC2YR
LYSINE_mg,WTMEC4YR,WTMEC2YR
MAGNESIUM_mg,WTMEC4YR,WTMEC2YR
MAGNESIUM_PPM,WTMEC4YR,WTMEC2YR
MAGNESIUM_Unknown,WTMEC4YR,WTMEC2YR
male,WTMEC4YR,WTMEC2YR
MDIS,WTMEC4YR,WTMEC2YR
MECLIZINE_HYDROCHLORIDE,WTMEC4YR,WTMEC2YR
MEDROXYPROGESTERONE_ACETATE,WTMEC4YR,WTMEC2YR
melanoma_self_report,WTMEC4YR,WTMEC2YR
METFORMIN,WTMEC4YR,WTMEC2YR
METFORMIN_HYDROCHLORIDE,WTMEC4YR,WTMEC2YR
METHIONINE_mg,WTMEC4YR,WTMEC2YR
METHYLPHENIDATE,WTMEC4YR,WTMEC2YR
METHYLPHENIDATE_HYDROCHLORIDE,WTMEC4YR,WTMEC2YR
METOPROLOL,WTMEC4YR,WTMEC2YR
METOPROLOL_SUCCINATE,WTMEC4YR,WTMEC2YR
METOPROLOL_TARTRATE,WTMEC4YR,WTMEC2YR
METOPROLOL_UNSPECIFIED,WTMEC4YR,WTMEC2YR
mexican,WTMEC4YR,WTMEC2YR
MOMETASONE_FUROATE_MONOHYDRATE,WTMEC4YR,WTMEC2YR
MOMETASONE_NASAL,WTMEC4YR,WTMEC2YR
MONTELUKAST,WTMEC4YR,WTMEC2YR
MONTELUKAST_SODIUM,WTMEC4YR,WTMEC2YR
MORTSOURCE_NDI,WTMEC4YR,WTMEC2YR
MORTSOURCE_SSA,WTMEC4YR,WTMEC2YR
MORTSTAT,WTMEC4YR,WTMEC2YR
mouth_cancer_self_report,WTMEC4YR,WTMEC2YR
MSYS,WTMEC4YR,WTMEC2YR
NAPROXEN,WTMEC4YR,WTMEC2YR
nervous_cancer_self_report,WTMEC4YR,WTMEC2YR
NIFEDIPINE,WTMEC4YR,WTMEC2YR
NITROGLYCERIN,WTMEC4YR,WTMEC2YR
no_salt,WTDR4YR,WTDRD1
num_months_longest_job,WTMEC4YR,WTMEC2YR
num_months_main_job,WTMEC4YR,WTMEC2YR
number_close_friends,WTMEC4YR,WTMEC2YR
occupation,WTMEC4YR,WTMEC2YR
occupation_construction,WTMEC4YR,WTMEC2YR
occupation_farm,WTMEC4YR,WTMEC2YR
occupation_household,WTMEC4YR,WTMEC2YR
occupation_laborer,WTMEC4YR,WTMEC2YR
occupation_midmanage,WTMEC4YR,WTMEC2YR
occupation_military,WTMEC4YR,WTMEC2YR
occupation_repair,WTMEC4YR,WTMEC2YR
occupation_transport,WTMEC4YR,WTMEC2YR
old_paint_scraped,WTMEC4YR,WTMEC2YR
OMEGA_3_FATTY_ACIDS_mg,WTMEC4YR,WTMEC2YR
OMEGA_3_FATTY_ACIDS_Unknown,WTMEC4YR,WTMEC2YR
OMEGA_6_FATTY_ACIDS_mg,WTMEC4YR,WTMEC2YR
OMEGA_6_FATTY_ACIDS_NA,WTMEC4YR,WTMEC2YR
OMEGA_9_FATTY_ACIDS_mg,WTMEC4YR,WTMEC2YR
OMEGA_9_FATTY_ACIDS_NA,WTMEC4YR,WTMEC2YR
OMEPRAZOLE,WTMEC4YR,WTMEC2YR
ordinary_salt,WTDR4YR,WTDRD1
other_cancer_self_report,WTMEC4YR,WTMEC2YR
other_eth,WTMEC4YR,WTMEC2YR
OTHER_FATTY_ACIDS_mg,WTMEC4YR,WTMEC2YR
OTHER_FATTY_ACIDS_NA,WTMEC4YR,WTMEC2YR
other_hispanic,WTMEC4YR,WTMEC2YR
OTHER_OMEGA_3_FATTY_ACIDS_NA,WTMEC4YR,WTMEC2YR
other_skin_cancer_self_report,WTMEC4YR,WTMEC2YR
ovarian_cancer_self_report,WTMEC4YR,WTMEC2YR
OXYBUTYNIN,WTMEC4YR,WTMEC2YR
paint_chipping_inside,WTMEC4YR,WTMEC2YR
paint_chipping_outside,WTMEC4YR,WTMEC2YR
pancreatic_cancer_self_report,WTMEC4YR,WTMEC2YR
PANTOPRAZOLE,WTMEC4YR,WTMEC2YR
PANTOPRAZOLE_SODIUM,WTMEC4YR,WTMEC2YR
PAROXETINE,WTMEC4YR,WTMEC2YR
PAROXETINE_HYDROCHLORIDE,WTMEC4YR,WTMEC2YR
PENICILLIN,WTMEC4YR,WTMEC2YR
PERMTH_EXM,WTMEC4YR,WTMEC2YR
PERMTH_INT,WTMEC4YR,WTMEC2YR
PHAFSTHR,WTSAF4YR,WTSAF2YR
PHAFSTMN,WTSAF4YR,WTSAF2YR
PHENYLALANINE_mg,WTMEC4YR,WTMEC2YR
PHENYTOIN_SODIUM,WTMEC4YR,WTMEC2YR
PHOSPHORUS_mg,WTMEC4YR,WTMEC2YR
PHOSPHORUS_Trace,WTMEC4YR,WTMEC2YR
PHOSPHORUS_Unknown,WTMEC4YR,WTMEC2YR
physical_activity,WTMEC4YR,WTMEC2YR
PIOGLITAZONE,WTMEC4YR,WTMEC2YR
pneu,WTMEC4YR,WTMEC2YR
POLYETHYLENE_GLYCOL_3350,WTMEC4YR,WTMEC2YR
POTASSIUM_CHLORIDE,WTMEC4YR,WTMEC2YR
POTASSIUM_mg,WTMEC4YR,WTMEC2YR
PRAVASTATIN,WTMEC4YR,WTMEC2YR
PRAVASTATIN_SODIUM,WTMEC4YR,WTMEC2YR
PREDNISONE,WTMEC4YR,WTMEC2YR
private_water_source,WTMEC4YR,WTMEC2YR
PROLINE_mg,WTMEC4YR,WTMEC2YR
PROPRANOLOL,WTMEC4YR,WTMEC2YR
PROPRANOLOL_HYDROCHLORIDE,WTMEC4YR,WTMEC2YR
prostate_cancer_self_report,WTMEC4YR,WTMEC2YR
PROTEIN_gm,WTMEC4YR,WTMEC2YR
quantity_drink_per_day,WTMEC4YR,WTMEC2YR
QUINAPRIL,WTMEC4YR,WTMEC2YR
QUINAPRIL_HYDROCHLORIDE,WTMEC4YR,WTMEC2YR
RABEPRAZOLE,WTMEC4YR,WTMEC2YR
RABEPRAZOLE_SODIUM,WTMEC4YR,WTMEC2YR
RALOXIFENE_HYDROCHLORIDE,WTMEC4YR,WTMEC2YR
RAMIPRIL,WTMEC4YR,WTMEC2YR
RANITIDINE,WTMEC4YR,WTMEC2YR
RANITIDINE_HYDROCHLORIDE,WTMEC4YR,WTMEC2YR
rectum_cancer_self_report,WTMEC4YR,WTMEC2YR
RHQ510,WTMEC4YR,WTMEC2YR
RHQ520,WTMEC4YR,WTMEC2YR
RHQ540,WTMEC4YR,WTMEC2YR
RHQ554,WTMEC4YR,WTMEC2YR
RHQ556,WTMEC4YR,WTMEC2YR
RHQ558,WTMEC4YR,WTMEC2YR
RHQ562,WTMEC4YR,WTMEC2YR
RHQ564,WTMEC4YR,WTMEC2YR
RHQ566,WTMEC4YR,WTMEC2YR
RHQ570,WTMEC4YR,WTMEC2YR
RHQ572,WTMEC4YR,WTMEC2YR
RHQ574,WTMEC4YR,WTMEC2YR
RHQ580,WTMEC4YR,WTMEC2YR
RHQ582,WTMEC4YR,WTMEC2YR
RHQ584,WTMEC4YR,WTMEC2YR
RHQ596,WTMEC4YR,WTMEC2YR
RHQ598,WTMEC4YR,WTMEC2YR
RHQ600,WTMEC4YR,WTMEC2YR
RIBOFLAVIN_mg,WTMEC4YR,WTMEC2YR
RIBOFLAVIN_Unknown,WTMEC4YR,WTMEC2YR
RIDAGEYR,WTMEC4YR,WTMEC2YR
ROFECOXIB,WTMEC4YR,WTMEC2YR
ROSIGLITAZONE,WTMEC4YR,WTMEC2YR
ROSIGLITAZONE_MALEATE,WTMEC4YR,WTMEC2YR
SALMETEROL_XINAFOATE,WTMEC4YR,WTMEC2YR
salt_substitute,WTDR4YR,WTDRD1
SELENIUM_mcg,WTMEC4YR,WTMEC2YR
SELENIUM_Trace,WTMEC4YR,WTMEC2YR
SELENIUM_Unknown,WTMEC4YR,WTMEC2YR
SERINE_mg,WTMEC4YR,WTMEC2YR
SERTRALINE,WTMEC4YR,WTMEC2YR
SERTRALINE_HYDROCHLORIDE,WTMEC4YR,WTMEC2YR
SES_LEVEL,WTMEC4YR,WTMEC2YR
SIMVASTATIN,WTMEC4YR,WTMEC2YR
skin_cancer_self_report,WTMEC4YR,WTMEC2YR
SMD030,WTMEC4YR,WTMEC2YR
SMD055,WTMEC4YR,WTMEC2YR
SMD057,WTMEC4YR,WTMEC2YR
SMD070,WTMEC4YR,WTMEC2YR
SMD075,WTMEC4YR,WTMEC2YR
SMD080,WTMEC4YR,WTMEC2YR
SMD090,WTMEC4YR,WTMEC2YR
SMD100CO,WTMEC4YR,WTMEC2YR
SMD100FL,WTMEC4YR,WTMEC2YR
SMD100MN,WTMEC4YR,WTMEC2YR
SMD100NI,WTMEC4YR,WTMEC2YR
SMD100TR,WTMEC4YR,WTMEC2YR
SMD130,WTMEC4YR,WTMEC2YR
SMD160,WTMEC4YR,WTMEC2YR
SMD190,WTMEC4YR,WTMEC2YR
SMD220,WTMEC4YR,WTMEC2YR
SMD235,WTMEC4YR,WTMEC2YR
SMD410,WTMEC4YR,WTMEC2YR
SMD415,WTMEC4YR,WTMEC2YR
SMD415A,WTMEC4YR,WTMEC2YR
SMD415B,WTMEC4YR,WTMEC2YR
SMD415C,WTMEC4YR,WTMEC2YR
SMD430,WTMEC4YR,WTMEC2YR
SMD440,WTMEC4YR,WTMEC2YR
SMD450,WTMEC4YR,WTMEC2YR
SMD641,WTMEC4YR,WTMEC2YR
SMD650,WTMEC4YR,WTMEC2YR
smell_tobacco,WTMEC4YR,WTMEC2YR
SMQ020,WTMEC4YR,WTMEC2YR
SMQ040,WTMEC4YR,WTMEC2YR
SMQ050,WTMEC4YR,WTMEC2YR
SMQ077,WTMEC4YR,WTMEC2YR
SMQ120,WTMEC4YR,WTMEC2YR
SMQ150,WTMEC4YR,WTMEC2YR
SMQ180,WTMEC4YR,WTMEC2YR
SMQ210,WTMEC4YR,WTMEC2YR
SMQ230,WTMEC4YR,WTMEC2YR
SODIUM_mg,WTMEC4YR,WTMEC2YR
SODIUM_Trace,WTMEC4YR,WTMEC2YR
soft_cancer_self_report,WTMEC4YR,WTMEC2YR
SPIRONOLACTONE,WTMEC4YR,WTMEC2YR
SSMEL,WTMEC4YR,WTMEC2YR
stomach_cancer_self_report,WTMEC4YR,WTMEC2YR
SULFAMETHOXAZOLE__TRIMETHOPRIM,WTMEC4YR,WTMEC2YR
supplement_count,WTMEC4YR,WTMEC2YR
SXQ020,WTMEC4YR,WTMEC2YR
SXQ260,WTMEC4YR,WTMEC2YR
SXQ265,WTMEC4YR,WTMEC2YR
SXQ270,WTMEC4YR,WTMEC2YR
SXQ280,WTMEC4YR,WTMEC2YR
taking_birth_control,WTMEC4YR,WTMEC2YR
TAMSULOSIN,WTMEC4YR,WTMEC2YR
TBQ020,WTMEC4YR,WTMEC2YR
TBQ030,WTMEC4YR,WTMEC2YR
TBQ040,WTMEC4YR,WTMEC2YR
TBQ050,WTMEC4YR,WTMEC2YR
TBQ060,WTMEC4YR,WTMEC2YR
TELOMEAN,WTMEC4YR,WTMEC2YR
TELOSTD,WTMEC4YR,WTMEC2YR
TERAZOSIN,WTMEC4YR,WTMEC2YR
TERAZOSIN_HYDROCHLORIDE,WTMEC4YR,WTMEC2YR
testis_cancer_self_report,WTMEC4YR,WTMEC2YR
THEOPHYLLINE,WTMEC4YR,WTMEC2YR
THIAMIN_mg,WTMEC4YR,WTMEC2YR
THIAMIN_Unknown,WTMEC4YR,WTMEC2YR
THREONINE_mg,WTMEC4YR,WTMEC2YR
thyroid_cancer_self_report,WTMEC4YR,WTMEC2YR
TOLTERODINE_TARTRATE,WTMEC4YR,WTMEC2YR
TOTAL_CARBOHYDRATE_gm,WTMEC4YR,WTMEC2YR
total_days_5drink_year,WTMEC4YR,WTMEC2YR
total_days_drink_year,WTMEC4YR,WTMEC2YR
TRAMADOL,WTMEC4YR,WTMEC2YR
TRAZODONE,WTMEC4YR,WTMEC2YR
TRAZODONE_HYDROCHLORIDE,WTMEC4YR,WTMEC2YR
TRIAMCINOLONE_ACETONIDE,WTMEC4YR,WTMEC2YR
TRIAMTERENE,WTMEC4YR,WTMEC2YR
TRYPTOPHAN_mg,WTMEC4YR,WTMEC2YR
TYROSINE_mg,WTMEC4YR,WTMEC2YR
UCODE,WTMEC4YR,WTMEC2YR
URX24D,WTSPP4YR,WTSPP2YR
URX25T,WTSPP4YR,WTSPP2YR
URX4FP,WTSPP4YR,WTSPP2YR
URXAAZ,WTMEC4YR,WTMEC2YR
URXACE,WTSPP4YR,WTSPP2YR
URXATZ,WTSPP4YR,WTSPP2YR
URXCB3,WTSPP4YR,WTSPP2YR
URXCBF,WTSPP4YR,WTSC2YR
URXCCC,WTSPP4YR,WTSPP2YR
URXCMH,WTSPP4YR,WTSPP2YR
URXCPM,WTSPP4YR,WTSPP2YR
URXCRS,WTMEC4YR,WTMEC2YR
URXDAM,WTMEC4YR,WTMEC2YR
URXDAZ,WTSPH4YR,WTSB2YR
URXDCZ,WTMEC4YR,WTMEC2YR
URXDEE,WTSPP4YR,WTSPP2YR
URXDIZ,WTSPP4YR,WTSPP2YR
URXDMA,WTSPH4YR,WTSB2YR
URXDPY,WTSPP4YR,WTSPP2YR
URXDTZ,WTMEC4YR,WTMEC2YR
URXEQU,WTSPH4YR,WTSB2YR
URXETD,WTSPH4YR,WTSB2YR
URXETL,WTSPH4YR,WTSB2YR
URXGNS,WTSPH4YR,WTSB2YR
URXHLS,WTSPP4YR,WTSB2YR
URXMAL,WTMEC4YR,WTMEC2YR
URXMBP,WTSPH4YR,WTSB2YR
URXMC1,WTSPH4YR,WTSB2YR
URXMCP,WTSPH4YR,WTSB2YR
URXMEP,WTSPH4YR,WTSB2YR
URXMET,WTSPP4YR,WTSPP2YR
URXMHH,WTSPH4YR,WTSB2YR
URXMHP,WTSPH4YR,WTSB2YR
URXMIB,WTSPH4YR,WTSB2YR
URXMNM,WTSPH4YR,WTSB2YR
URXMNP,WTSPH4YR,WTSB2YR
URXMOH,WTSPH4YR,WTSB2YR
URXMOP,WTSPH4YR,WTSB2YR
URXMZP,WTSPH4YR,WTSB2YR
URXNO3,WTMEC4YR,WTMEC2YR
URXNT,WTMEC4YR,WTMEC2YR
URXOMO,WTMEC4YR,WTMEC2YR
URXOP1,WTSPP4YR,WTSB2YR
URXOP2,WTSPP4YR,WTSB2YR
URXOP3,WTSPP4YR,WTSB2YR
URXOP4,WTSPP4YR,WTSB2YR
URXOP5,WTSPP4YR,WTSB2YR
URXOP6,WTSPP4YR,WTSB2YR
URXOPM,WTSPP4YR,WTSPP2YR
URXP01,WTSPH4YR,WTSB2YR
URXP02,WTSPH4YR,WTSB2YR
URXP03,WTSPH4YR,WTSB2YR
URXP04,WTSPH4YR,WTSB2YR
URXP05,WTSPH4YR,WTSB2YR
URXP06,WTSPH4YR,WTSB2YR
URXP07,WTSPH4YR,WTSB2YR
URXP08,WTSPH4YR,WTSPH2YR
URXP09,WTMEC4YR,WTMEC2YR
URXP10,WTSPH4YR,WTSB2YR
URXP11,WTMEC4YR,WTMEC2YR
URXP12,WTMEC4YR,WTMEC2YR
URXP13,WTMEC4YR,WTMEC2YR
URXP14,WTMEC4YR,WTMEC2YR
URXP15,WTMEC4YR,WTMEC2YR
URXP16,WTMEC4YR,WTMEC2YR
URXP18,WTMEC4YR,WTMEC2YR
URXP20,WTMEC4YR,WTMEC2YR
URXP21,WTMEC4YR,WTMEC2YR
URXP22,WTMEC4YR,WTMEC2YR
URXP24,WTMEC4YR,WTMEC2YR
URXPAR,WTSPP4YR,WTSPP2YR
URXPPX,WTSPP4YR,WTSC2YR
URXSCN,WTMEC4YR,WTMEC2YR
URXSIS,WTMEC4YR,WTMEC2YR
URXTCC,WTSPP4YR,WTSPP2YR
URXUBA,WTSHM4YR,WTSA2YR
URXUBE,WTSHM4YR,WTSA2YR
URXUCD,WTSHM4YR,WTSA2YR
URXUCL,WTMEC4YR,WTMEC2YR
URXUCO,WTSHM4YR,WTSA2YR
URXUCR,WTSHM4YR,WTSB2YR
URXUCRSI,WTMEC4YR,WTMEC2YR
URXUCS,WTSHM4YR,WTSA2YR
URXUGC,WTMEC4YR,WTMEC2YR
URXUHG,WTMEC4YR,WTSA2YR
URXUMA,WTMEC4YR,WTMEC2YR
URXUMASI,WTMEC4YR,WTMEC2YR
URXUMO,WTSHM4YR,WTSA2YR
URXUMS,WTMEC4YR,WTMEC2YR
URXUP8CA,WTMEC4YR,WTMEC2YR
URXUPB,WTSHM4YR,WTSA2YR
URXUPT,WTSHM4YR,WTSA2YR
URXUSB,WTSHM4YR,WTSA2YR
URXUTL,WTSHM4YR,WTSA2YR
URXUTU,WTSHM4YR,WTSA2YR
URXUUR,WTMEC4YR,WTMEC2YR
use_water_treatment,WTMEC4YR,WTMEC2YR
uterine_cancer_self_report,WTMEC4YR,WTMEC2YR
VALDECOXIB,WTMEC4YR,WTMEC2YR
VALINE_mg,WTMEC4YR,WTMEC2YR
VALSARTAN,WTMEC4YR,WTMEC2YR
VARICELL,WTMEC4YR,WTMEC2YR
VENLAFAXINE,WTMEC4YR,WTMEC2YR
VENLAFAXINE_HYDROCHLORIDE,WTMEC4YR,WTMEC2YR
VERAPAMIL,WTMEC4YR,WTMEC2YR
VERAPAMIL_HYDROCHLORIDE,WTMEC4YR,WTMEC2YR
VITAMIN_A_IU,WTMEC4YR,WTMEC2YR
VITAMIN_A_mcg,WTMEC4YR,WTMEC2YR
VITAMIN_A_mg,WTMEC4YR,WTMEC2YR
VITAMIN_A_Unknown,WTMEC4YR,WTMEC2YR
VITAMIN_B_12_mcg,WTMEC4YR,WTMEC2YR
VITAMIN_B_12_Unknown,WTMEC4YR,WTMEC2YR
VITAMIN_B_6_mg,WTMEC4YR,WTMEC2YR
VITAMIN_B_6_Unknown,WTMEC4YR,WTMEC2YR
VITAMIN_C_mg,WTMEC4YR,WTMEC2YR
VITAMIN_C_Unknown,WTMEC4YR,WTMEC2YR
WARFARIN,WTMEC4YR,WTMEC2YR
WARFARIN_SODIUM,WTMEC4YR,WTMEC2YR
white,WTMEC4YR,WTMEC2YR
ZOLPIDEM,WTMEC4YR,WTMEC2YR
ZOLPIDEM_TARTRATE,WTMEC4YR,WTMEC2YR
